Year,Observation status,Unit multiplier,Nature of data points,Source details,Frequency of observation,Reporting type,SERIES,Reference area,UNIT_MEASURE,Time period details,Value
2016,Normal value,Units,Country Data,MoSVY,Annual,National,1.3.1 Proportion of the poor and the vulnerable received social emergency relief services,Cambodia,Percent,2020,2.32
2017,Normal value,Units,Country Data,MoSVY,Annual,National,1.3.1 Proportion of the poor and the vulnerable received social emergency relief services,Cambodia,Percent,2020,3.79
2018,Normal value,Units,Country Data,MoSVY,Annual,National,1.3.1 Proportion of the poor and the vulnerable received social emergency relief services,Cambodia,Percent,2020,3.67
2019,Normal value,Units,Country Data,MoSVY,Annual,National,1.3.1 Proportion of the poor and the vulnerable received social emergency relief services,Cambodia,Percent,2020,3.54
2020,Normal value,Units,Country Data,MoSVY,Annual,National,1.3.1 Proportion of the poor and the vulnerable received social emergency relief services,Cambodia,Percent,2020,3.43
