Year,Observation status,Unit multiplier,Nature of data points,Source details,Frequency of observation,Reporting type,SERIES,Reference area,UNIT_MEASURE,Time period details,Value
2015,Normal value,Units,Country Data,CMAA_Cambodia Mine Action Authority/DBU,Annual,National,18.2.2 The number of villages contaminated by mines / ERW to receive Mine Risk Educationmessages,Cambodia,Number,2020,300
2016,Normal value,Units,Country Data,CMAA_Cambodia Mine Action Authority/DBU,Annual,National,18.2.2 The number of villages contaminated by mines / ERW to receive Mine Risk Educationmessages,Cambodia,Number,2020,315
2017,Normal value,Units,Country Data,CMAA_Cambodia Mine Action Authority/DBU,Annual,National,18.2.2 The number of villages contaminated by mines / ERW to receive Mine Risk Educationmessages,Cambodia,Number,2020,330
2018,Normal value,Units,Country Data,CMAA_Cambodia Mine Action Authority/DBU,Annual,National,18.2.2 The number of villages contaminated by mines / ERW to receive Mine Risk Educationmessages,Cambodia,Number,2020,347
2019,Normal value,Units,Country Data,CMAA_Cambodia Mine Action Authority/DBU,Annual,National,18.2.2 The number of villages contaminated by mines / ERW to receive Mine Risk Educationmessages,Cambodia,Number,2020,364
2020,Normal value,Units,Country Data,CMAA_Cambodia Mine Action Authority/DBU,Annual,National,18.2.2 The number of villages contaminated by mines / ERW to receive Mine Risk Educationmessages,Cambodia,Number,2020,382
