Year,Observation status,Unit multiplier,Nature of data points,Source details,Frequency of observation,Reporting type,SERIES,Reference area,UNIT_MEASURE,Time period details,Value
2016,Normal value,Units,Country Data,MAFF,Annual,National,"2.3.1 Value of agricultural production per unit of labor engaged in agriculture (farming, animal husbandry and fisheries)",Cambodia,USD per farmer,2020,1555
2017,Normal value,Units,Country Data,MAFF,Annual,National,"2.3.1 Value of agricultural production per unit of labor engaged in agriculture (farming, animal husbandry and fisheries)",Cambodia,USD per farmer,2020,1656
2018,Normal value,Units,Country Data,MAFF,Annual,National,"2.3.1 Value of agricultural production per unit of labor engaged in agriculture (farming, animal husbandry and fisheries)",Cambodia,USD per farmer,2020,1764
2019,Normal value,Units,Country Data,MAFF,Annual,National,"2.3.1 Value of agricultural production per unit of labor engaged in agriculture (farming, animal husbandry and fisheries)",Cambodia,USD per farmer,2020,1878
2020,Normal value,Units,Country Data,MAFF,Annual,National,"2.3.1 Value of agricultural production per unit of labor engaged in agriculture (farming, animal husbandry and fisheries)",Cambodia,USD per farmer,2020,2000
