Year,Observation status,Unit multiplier,Nature of data points,Source details,Frequency of observation,Reporting type,SERIES,Reference area,UNIT_MEASURE,Time period details,Value
2000,Normal value,Units,Country Data,MoH_National Tuberculosis Control (CENET),Annual,National,"3.4.2 Incidence of tuberculosis per 100,000 population",Cambodia,"Per 1,000 population",2020,254
2005,Normal value,Units,Country Data,MoH_National Tuberculosis Control (CENET),Annual,National,"3.4.2 Incidence of tuberculosis per 100,000 population",Cambodia,"Per 1,000 population",2020,175
2010,Normal value,Units,Country Data,MoH_National Tuberculosis Control (CENET),Annual,National,"3.4.2 Incidence of tuberculosis per 100,000 population",Cambodia,"Per 1,000 population",2020,125
2015,Normal value,Units,Country Data,MoH_National Tuberculosis Control (CENET),Annual,National,"3.4.2 Incidence of tuberculosis per 100,000 population",Cambodia,"Per 1,000 population",2020,380
2016,Normal value,Units,Country Data,MoH_National Tuberculosis Control (CENET),Annual,National,"3.4.2 Incidence of tuberculosis per 100,000 population",Cambodia,"Per 1,000 population",2020,365
2017,Normal value,Units,Country Data,MoH_National Tuberculosis Control (CENET),Annual,National,"3.4.2 Incidence of tuberculosis per 100,000 population",Cambodia,"Per 1,000 population",2020,350
2018,Normal value,Units,Country Data,MoH_National Tuberculosis Control (CENET),Annual,National,"3.4.2 Incidence of tuberculosis per 100,000 population",Cambodia,"Per 1,000 population",2020,336
2019,Normal value,Units,Country Data,MoH_National Tuberculosis Control (CENET),Annual,National,"3.4.2 Incidence of tuberculosis per 100,000 population",Cambodia,"Per 1,000 population",2020,323
2020,Normal value,Units,Country Data,MoH_National Tuberculosis Control (CENET),Annual,National,"3.4.2 Incidence of tuberculosis per 100,000 population",Cambodia,"Per 1,000 population",2020,281
