Year,Observation status,Unit multiplier,Nature of data points,Source details,Frequency of observation,Reporting type,SERIES,Reference area,UNIT_MEASURE,Time period details,Value
2015,Normal value,Units,Country Data,MoH,Annual,National,3.5.2 Percentage of adult population with depression received treatment,Cambodia,Percent,2020,2
2016,Normal value,Units,Country Data,MoH,Annual,National,3.5.2 Percentage of adult population with depression received treatment,Cambodia,Percent,2020,4
2017,Normal value,Units,Country Data,MoH,Annual,National,3.5.2 Percentage of adult population with depression received treatment,Cambodia,Percent,2020,6
2018,Normal value,Units,Country Data,MoH,Annual,National,3.5.2 Percentage of adult population with depression received treatment,Cambodia,Percent,2020,10
2019,Normal value,Units,Country Data,MoH,Annual,National,3.5.2 Percentage of adult population with depression received treatment,Cambodia,Percent,2020,15
2020,Normal value,Units,Country Data,MoH,Annual,National,3.5.2 Percentage of adult population with depression received treatment,Cambodia,Percent,2020,20
