Year,Observation status,Unit multiplier,Nature of data points,Source details,Frequency of observation,Reporting type,SERIES,Reference area,Age,UNIT_MEASURE,Time period details,Value
2010,Normal value,Units,Country Data,MoH,Annual,National,3.6.2 Prevalence of alcohol use among among population above 18 years old,Cambodia,18 years old and over,Percent,2020,53.5
2016,Normal value,Units,Country Data,MoH,Annual,National,3.6.2 Prevalence of alcohol use among among population above 18 years old,Cambodia,18 years old and over,Percent,2020,45.5
2017,Normal value,Units,Country Data,MoH,Annual,National,3.6.2 Prevalence of alcohol use among among population above 18 years old,Cambodia,18 years old and over,Percent,2020,45.5
2018,Normal value,Units,Country Data,MoH,Annual,National,3.6.2 Prevalence of alcohol use among among population above 18 years old,Cambodia,18 years old and over,Percent,2020,45.5
2019,Normal value,Units,Country Data,MoH,Annual,National,3.6.2 Prevalence of alcohol use among among population above 18 years old,Cambodia,18 years old and over,Percent,2020,45.4
2020,Normal value,Units,Country Data,MoH,Annual,National,3.6.2 Prevalence of alcohol use among among population above 18 years old,Cambodia,18 years old and over,Percent,2020,45.3
