Year,Observation status,Unit multiplier,Nature of data points,Source details,Frequency of observation,Reporting type,SERIES,Reference area,UNIT_MEASURE,Time period details,Value
2015,Normal value,Units,Country Data,MoH,Annual,National,"3.c.1 Ratio of physician/nurse/midwife per 1,000 population",Cambodia,"Per 1,000 population",2020,1.14
2016,Normal value,Units,Country Data,MoH,Annual,National,"3.c.1 Ratio of physician/nurse/midwife per 1,000 population",Cambodia,"Per 1,000 population",2020,1.3
2017,Normal value,Units,Country Data,MoH,Annual,National,"3.c.1 Ratio of physician/nurse/midwife per 1,000 population",Cambodia,"Per 1,000 population",2020,1.35
2018,Normal value,Units,Country Data,MoH,Annual,National,"3.c.1 Ratio of physician/nurse/midwife per 1,000 population",Cambodia,"Per 1,000 population",2020,1.36
2019,Normal value,Units,Country Data,MoH,Annual,National,"3.c.1 Ratio of physician/nurse/midwife per 1,000 population",Cambodia,"Per 1,000 population",2020,1.37
2020,Normal value,Units,Country Data,MoH,Annual,National,"3.c.1 Ratio of physician/nurse/midwife per 1,000 population",Cambodia,"Per 1,000 population",2020,1.38
