Year,Observation status,Unit multiplier,Nature of data points,Source details,Frequency of observation,Reporting type,SERIES,Reference area,UNIT_MEASURE,Time period details,Value
2015,Normal value,Units,Country Data,MoEYS,Annual,National,4.a.3 Proportion of schools with access to adapted infrastructure and materials for students with disabilities,Cambodia,Percent,2020,0.0
2016,Normal value,Units,Country Data,MoEYS,Annual,National,4.a.3 Proportion of schools with access to adapted infrastructure and materials for students with disabilities,Cambodia,Percent,2020,1.3
2017,Normal value,Units,Country Data,MoEYS,Annual,National,4.a.3 Proportion of schools with access to adapted infrastructure and materials for students with disabilities,Cambodia,Percent,2020,2.7
2018,Normal value,Units,Country Data,MoEYS,Annual,National,4.a.3 Proportion of schools with access to adapted infrastructure and materials for students with disabilities,Cambodia,Percent,2020,4.0
2019,Normal value,Units,Country Data,MoEYS,Annual,National,4.a.3 Proportion of schools with access to adapted infrastructure and materials for students with disabilities,Cambodia,Percent,2020,31.4
2020,Normal value,Units,Country Data,MoEYS,Annual,National,4.a.3 Proportion of schools with access to adapted infrastructure and materials for students with disabilities,Cambodia,Percent,2020,33.4
