Year,Observation status,Unit multiplier,Nature of data points,Source details,Frequency of observation,Reporting type,SERIES,Reference area,UNIT_MEASURE,Time period details,Value
2016,Normal value,Units,Country Data,MOWA MCS,Annual,National,"5.c.2 Number of line Ministries, Line Agencies have development and Implement Gender Mainstreaming Strategic  Plan",Cambodia,Number,2020,6
2017,Normal value,Units,Country Data,MOWA MCS,Annual,National,"5.c.2 Number of line Ministries, Line Agencies have development and Implement Gender Mainstreaming Strategic  Plan",Cambodia,Number,2020,7
2018,Normal value,Units,Country Data,MOWA MCS,Annual,National,"5.c.2 Number of line Ministries, Line Agencies have development and Implement Gender Mainstreaming Strategic  Plan",Cambodia,Number,2020,6
2019,Normal value,Units,Country Data,MOWA MCS,Annual,National,"5.c.2 Number of line Ministries, Line Agencies have development and Implement Gender Mainstreaming Strategic  Plan",Cambodia,Number,2020,8
2020,Normal value,Units,Country Data,MOWA MCS,Annual,National,"5.c.2 Number of line Ministries, Line Agencies have development and Implement Gender Mainstreaming Strategic  Plan",Cambodia,Number,2020,9
