Year,Observation status,Unit multiplier,Nature of data points,Source details,Frequency of observation,Reporting type,SERIES,Reference area,UNIT_MEASURE,Time period details,Value
2015,Normal value,Units,Country Data,MOC,Annual,National,8.2.2.2 Growth rate of online trade mark registration,Cambodia,Percent,2020,-9
2016,Normal value,Units,Country Data,MOC,Annual,National,8.2.2.2 Growth rate of online trade mark registration,Cambodia,Percent,2020,4
2017,Normal value,Units,Country Data,MOC,Annual,National,8.2.2.2 Growth rate of online trade mark registration,Cambodia,Percent,2020,-11
2018,Normal value,Units,Country Data,MOC,Annual,National,8.2.2.2 Growth rate of online trade mark registration,Cambodia,Percent,2020,6
2019,Normal value,Units,Country Data,MOC,Annual,National,8.2.2.2 Growth rate of online trade mark registration,Cambodia,Percent,2020,5
2020,Normal value,Units,Country Data,MOC,Annual,National,8.2.2.2 Growth rate of online trade mark registration,Cambodia,Percent,2020,-3
