Year,Observation status,Unit multiplier,Nature of data points,Source details,Frequency of observation,Reporting type,SERIES,Reference area,UNIT_MEASURE,Time period details,Value
2015,Normal value,Units,Country Data,MOC,Annual,National,8.2.2.3 Growth Rate of online issuing the Cerficate of Origin,Cambodia,Percent,2020,-2
2016,Normal value,Units,Country Data,MOC,Annual,National,8.2.2.3 Growth Rate of online issuing the Cerficate of Origin,Cambodia,Percent,2020,22
2017,Normal value,Units,Country Data,MOC,Annual,National,8.2.2.3 Growth Rate of online issuing the Cerficate of Origin,Cambodia,Percent,2020,22
2018,Normal value,Units,Country Data,MOC,Annual,National,8.2.2.3 Growth Rate of online issuing the Cerficate of Origin,Cambodia,Percent,2020,6
2019,Normal value,Units,Country Data,MOC,Annual,National,8.2.2.3 Growth Rate of online issuing the Cerficate of Origin,Cambodia,Percent,2020,4
2020,Normal value,Units,Country Data,MOC,Annual,National,8.2.2.3 Growth Rate of online issuing the Cerficate of Origin,Cambodia,Percent,2020,14
