Year,Observation status,Unit multiplier,Nature of data points,Source details,Frequency of observation,Reporting type,SERIES,Reference area,UNIT_MEASURE,Time period details,Value
2015,Normal value,Units,Country Data,"MoP,NIS_Cambodia Socio Economics Survey",Annual,National,9.2.1 Number of Cambodian employees in manufacturing sector as a proportion to total employment within thecountry,Cambodia,Percent,2020,10
2016,Normal value,Units,Country Data,"MoP,NIS_Cambodia Socio Economics Survey",Annual,National,9.2.1 Number of Cambodian employees in manufacturing sector as a proportion to total employment within thecountry,Cambodia,Percent,2020,10
2017,Normal value,Units,Country Data,"MoP,NIS_Cambodia Socio Economics Survey",Annual,National,9.2.1 Number of Cambodian employees in manufacturing sector as a proportion to total employment within thecountry,Cambodia,Percent,2020,12
2018,Normal value,Units,Country Data,"MoP,NIS_Cambodia Socio Economics Survey",Annual,National,9.2.1 Number of Cambodian employees in manufacturing sector as a proportion to total employment within thecountry,Cambodia,Percent,2020,13
2019,Normal value,Units,Country Data,"MoP,NIS_Cambodia Socio Economics Survey",Annual,National,9.2.1 Number of Cambodian employees in manufacturing sector as a proportion to total employment within thecountry,Cambodia,Percent,2020,14
2020,Normal value,Units,Country Data,"MoP,NIS_Cambodia Socio Economics Survey",Annual,National,9.2.1 Number of Cambodian employees in manufacturing sector as a proportion to total employment within thecountry,Cambodia,Percent,2020,15
